"ID","Type","Name","Documentation"
"id-app","ApplicationComponent","CardDemo Application","CardDemo - Credit Card Management Application migrated from COBOL/CICS to Java Spring Boot"
"id-app-online","ApplicationComponent","Online Services Module","Online transaction processing module - migrated from CICS programs"
"id-app-batch","ApplicationComponent","Batch Processing Module","Batch processing module - migrated from COBOL batch programs"
"id-app-auth","ApplicationComponent","Authorization Module","Card authorization module - migrated from IMS/DB2/MQ programs"
"id-app-trantype","ApplicationComponent","Transaction Type Module","Transaction type management module - migrated from DB2 programs"
"id-app-messaging","ApplicationComponent","Messaging Module","VSAM/MQ messaging module - migrated from VSAM-MQ programs"
"id-svc-signon","ApplicationService","Signon Service","User authentication and session management - migrated from COSGN00C.cbl"
"id-svc-mainmenu","ApplicationService","Main Menu Service","Main menu navigation for regular users - migrated from COMEN01C.cbl"
"id-svc-adminmenu","ApplicationService","Admin Menu Service","Admin menu navigation for admin users - migrated from COADM01C.cbl"
"id-svc-acctview","ApplicationService","Account View Service","View account details - migrated from COACTVWC.cbl"
"id-svc-acctupd","ApplicationService","Account Update Service","Update account information - migrated from COACTUPC.cbl"
"id-svc-cardlist","ApplicationService","Card List Service","List cards for an account - migrated from COCRDLIC.cbl"
"id-svc-cardview","ApplicationService","Card View Service","View card details - migrated from COCRDSLC.cbl"
"id-svc-cardupd","ApplicationService","Card Update Service","Update card information - migrated from COCRDUPC.cbl"
"id-svc-tranlist","ApplicationService","Transaction List Service","List transactions - migrated from COTRN00C.cbl"
"id-svc-tranview","ApplicationService","Transaction View Service","View transaction details - migrated from COTRN01C.cbl"
"id-svc-tranadd","ApplicationService","Transaction Add Service","Add new transactions - migrated from COTRN02C.cbl"
"id-svc-billpay","ApplicationService","Bill Payment Service","Process bill payments - migrated from COBIL00C.cbl"
"id-svc-report","ApplicationService","Report Service","Generate transaction reports - migrated from CORPT00C.cbl"
"id-svc-usermgmt","ApplicationService","User Management Service","CRUD operations for user accounts - migrated from COUSR00C-03C.cbl"
"id-svc-acctfileproc","ApplicationService","Account File Processor Service","Batch account file processing - migrated from CBACT01C.cbl"
"id-svc-cardfileproc","ApplicationService","Card File Processor Service","Batch card file processing - migrated from CBACT02C.cbl"
"id-svc-cardxrefproc","ApplicationService","Card Xref Processor Service","Batch card cross-reference processing - migrated from CBACT03C.cbl"
"id-svc-interestcalc","ApplicationService","Interest Calculator Service","Batch interest calculation - migrated from CBACT04C.cbl"
"id-svc-tranposting","ApplicationService","Transaction Posting Service","Batch transaction posting - migrated from CBTRN02C.cbl"
"id-svc-dailytranpost","ApplicationService","Daily Transaction Posting Service","Daily transaction posting batch - migrated from CBTRN03C.cbl"
"id-svc-tranreport","ApplicationService","Transaction Report Service","Batch transaction reporting - migrated from CBTRN03C.cbl"
"id-svc-custfileproc","ApplicationService","Customer File Processor Service","Batch customer file processing - migrated from CBCUS01C.cbl"
"id-svc-dataexport","ApplicationService","Data Export Service","Export data to files - migrated from CBEXPORT.cbl"
"id-svc-dataimport","ApplicationService","Data Import Service","Import data from files - migrated from CBIMPORT.cbl"
"id-svc-cardauth","ApplicationService","Card Authorization Service","Real-time card authorization - migrated from COPAUR1C.cbl"
"id-svc-authsummary","ApplicationService","Authorization Summary Service","Authorization summary view - migrated from COPAUS0C.cbl"
"id-svc-authdetail","ApplicationService","Authorization Detail Service","Authorization detail processing - migrated from COPAUS1C.cbl"
"id-svc-authdetailview","ApplicationService","Authorization Detail View Service","Authorization detail view - migrated from COPAUS2C.cbl"
"id-svc-authbatch","ApplicationService","Authorization Batch Service","Batch authorization processing - migrated from CBPAUP0C.cbl"
"id-svc-trantypelist","ApplicationService","Transaction Type List Service","List transaction types - migrated from COTRTLIC.cbl"
"id-svc-trantypeupd","ApplicationService","Transaction Type Update Service","Update transaction types - migrated from COTRTUPC.cbl"
"id-svc-trantypebatch","ApplicationService","Transaction Type Batch Update Service","Batch update transaction types - migrated from COBTUPDT.cbl"
"id-svc-acctmsg","ApplicationService","Account Message Service","MQ messaging for account operations - migrated from COACCT01.cbl"
"id-svc-date","ApplicationService","Date Service","System date service via MQ - migrated from CODATE01.cbl"
"id-ctrl-account","ApplicationInterface","Account REST Controller","REST API for account operations (/api/accounts)"
"id-ctrl-card","ApplicationInterface","Card REST Controller","REST API for card operations (/api/cards)"
"id-ctrl-transaction","ApplicationInterface","Transaction REST Controller","REST API for transaction operations (/api/transactions)"
"id-ctrl-signon","ApplicationInterface","Signon REST Controller","REST API for authentication (/api/auth)"
"id-ctrl-user","ApplicationInterface","User REST Controller","REST API for user management (/api/users)"
"id-ctrl-report","ApplicationInterface","Report REST Controller","REST API for reports (/api/reports)"
"id-ctrl-authorization","ApplicationInterface","Authorization REST Controller","REST API for authorization operations (/api/authorization)"
"id-ctrl-trantype","ApplicationInterface","Transaction Type REST Controller","REST API for transaction type management (/api/transaction-types)"
"id-entity-account","DataObject","AccountRecord","Account master record - mapped from CVACT01Y copybook"
"id-entity-card","DataObject","CardRecord","Card master record - mapped from CVACT02Y copybook"
"id-entity-cardxref","DataObject","CardXrefRecord","Card cross-reference record - mapped from CVACT03Y copybook"
"id-entity-customer","DataObject","CustomerRecord","Customer master record - mapped from CVCUS01Y copybook"
"id-entity-transaction","DataObject","TransactionRecord","Transaction record - mapped from CVTRA05Y copybook"
"id-entity-dailytran","DataObject","DailyTransactionRecord","Daily transaction record - mapped from CVTRA06Y copybook"
"id-entity-user","DataObject","UserSecurityRecord","User security record - mapped from CSUSR01Y copybook"
"id-entity-trantype","DataObject","TransactionTypeRecord","Transaction type record - mapped from transaction type copybook"
"id-entity-trancat","DataObject","TransactionCategoryRecord","Transaction category record"
"id-entity-trancatbal","DataObject","TransactionCategoryBalanceRecord","Transaction category balance record"
"id-entity-discgroup","DataObject","DisclosureGroupRecord","Disclosure group record for interest rates"
"id-entity-commarea","DataObject","CardDemoCommarea","Common communication area - mapped from COCOM01Y copybook"
"id-entity-menuopt","DataObject","MenuOption","Menu option definition - mapped from CSMEN02Y copybook"
"id-repo-account","ApplicationComponent","AccountRepository","Spring Data JPA repository for AccountRecord - replaces VSAM ACCTFILE"
"id-repo-card","ApplicationComponent","CardRepository","Spring Data JPA repository for CardRecord - replaces VSAM CARDFILE"
"id-repo-cardxref","ApplicationComponent","CardXrefRepository","Spring Data JPA repository for CardXrefRecord - replaces VSAM XREFFILE"
"id-repo-customer","ApplicationComponent","CustomerRepository","Spring Data JPA repository for CustomerRecord - replaces VSAM CUSTFILE"
"id-repo-transaction","ApplicationComponent","TransactionRepository","Spring Data JPA repository for TransactionRecord - replaces VSAM TRANSACT"
"id-repo-dailytran","ApplicationComponent","DailyTransactionRepository","Spring Data JPA repository for DailyTransactionRecord - replaces VSAM DALYTRAN"
"id-repo-user","ApplicationComponent","UserSecurityRepository","Spring Data JPA repository for UserSecurityRecord - replaces VSAM USRSEC"
"id-repo-trantype","ApplicationComponent","TransactionTypeRepository","Spring Data JPA repository for TransactionTypeRecord"
"id-repo-trancat","ApplicationComponent","TransactionCategoryRepository","Spring Data JPA repository for TransactionCategoryRecord"
"id-repo-trancatbal","ApplicationComponent","TransactionCategoryBalanceRepository","Spring Data JPA repository for TransactionCategoryBalanceRecord - replaces VSAM TCATBALF"
"id-repo-discgroup","ApplicationComponent","DisclosureGroupRepository","Spring Data JPA repository for DisclosureGroupRecord - replaces VSAM DISCGRP"
"id-db-h2","Node","H2 In-Memory Database","H2 in-memory database replacing VSAM files for data persistence"
"id-tech-springboot","Node","Spring Boot 3.2","Spring Boot 3.2 application framework"
"id-tech-java17","Node","Java 17","Java 17 runtime environment"
"id-tech-maven","Node","Maven","Apache Maven build tool"
"id-util-constants","ApplicationComponent","CardDemoConstants","Application-wide constants - migrated from COBOL copybooks"
"id-util-datetime","ApplicationComponent","DateTimeUtil","Date/time formatting utilities"
"id-util-menuconfig","ApplicationComponent","MenuOptionsConfig","Menu configuration - migrated from CSMEN02Y copybook"
